{"ProjectBreakpoints":"{\"Value\":{\"System1/ExtractWorkItemDetails.xaml\":[{\"ConditionalExpression\":null,\"ActionExpression\":null,\"ExpectedHitCounter\":null,\"ShouldContinueAfterAction\":false,\"IsEnabled\":false,\"ActivityIdRef\":\"GetValue_2\",\"ActivityId\":\"1.16\",\"ActivityName\":\"Get Text 'P'\"}],\"Process.xaml\":[{\"ConditionalExpression\":null,\"ActionExpression\":null,\"ExpectedHitCounter\":null,\"ShouldContinueAfterAction\":false,\"IsEnabled\":false,\"ActivityIdRef\":\"InvokeWorkflowFile_2\",\"ActivityId\":\"1.27\",\"ActivityName\":\"Invoke DownloadMonthlyReports workflow\"}]}}","ProjectWatches":"{\"Value\":[]}","OpenedDocuments":"[\"DispatchWorkItems.xaml\",\"Process.xaml\",\"System1/UploadYearlyReport.xaml\",\"Main.xaml\",\"System1/DownloadMonthlyReports.xaml\",\"Framework/CloseAllApplications.xaml\"]"}